-- phpMyAdmin SQL Dump
-- version 5.0.2
-- https://www.phpmyadmin.net/
--
-- Host: 127.0.0.1
-- Generation Time: Aug 10, 2020 at 05:38 PM
-- Server version: 10.4.11-MariaDB
-- PHP Version: 7.4.6

SET SQL_MODE = "NO_AUTO_VALUE_ON_ZERO";
START TRANSACTION;
SET time_zone = "+00:00";


/*!40101 SET @OLD_CHARACTER_SET_CLIENT=@@CHARACTER_SET_CLIENT */;
/*!40101 SET @OLD_CHARACTER_SET_RESULTS=@@CHARACTER_SET_RESULTS */;
/*!40101 SET @OLD_COLLATION_CONNECTION=@@COLLATION_CONNECTION */;
/*!40101 SET NAMES utf8mb4 */;

--
-- Database: `ahp_prestasi`
--

-- --------------------------------------------------------

--
-- Table structure for table `alternatif`
--

CREATE TABLE `alternatif` (
  `id` int(11) NOT NULL,
  `nama` varchar(20) NOT NULL
) ENGINE=MyISAM DEFAULT CHARSET=latin1;

--
-- Dumping data for table `alternatif`
--

INSERT INTO `alternatif` (`id`, `nama`) VALUES
(1, 'Siswa 1'),
(2, 'Siswa 2'),
(3, 'Siswa 3'),
(4, 'Siswa 4');

-- --------------------------------------------------------

--
-- Table structure for table `ir`
--

CREATE TABLE `ir` (
  `jumlah` int(11) NOT NULL,
  `nilai` float NOT NULL
) ENGINE=MyISAM DEFAULT CHARSET=latin1;

--
-- Dumping data for table `ir`
--

INSERT INTO `ir` (`jumlah`, `nilai`) VALUES
(1, 0),
(2, 0),
(3, 0.58),
(4, 0.9),
(5, 1.12),
(6, 1.24),
(7, 1.32),
(8, 1.41),
(9, 1.45),
(10, 1.49),
(11, 1.51),
(12, 1.48),
(13, 1.56),
(14, 1.57),
(15, 1.59);

-- --------------------------------------------------------

--
-- Table structure for table `kriteria`
--

CREATE TABLE `kriteria` (
  `id` int(11) NOT NULL,
  `nama` varchar(20) NOT NULL
) ENGINE=MyISAM DEFAULT CHARSET=latin1;

--
-- Dumping data for table `kriteria`
--

INSERT INTO `kriteria` (`id`, `nama`) VALUES
(2, 'Guru'),
(3, 'Kurikulum'),
(4, 'Motivasi'),
(5, 'Faktor Eks');

-- --------------------------------------------------------

--
-- Table structure for table `perbandingan_alternatif`
--

CREATE TABLE `perbandingan_alternatif` (
  `id` int(11) NOT NULL,
  `alternatif1` int(11) NOT NULL,
  `alternatif2` int(11) NOT NULL,
  `pembanding` int(11) NOT NULL,
  `nilai` float NOT NULL
) ENGINE=MyISAM DEFAULT CHARSET=latin1;

--
-- Dumping data for table `perbandingan_alternatif`
--

INSERT INTO `perbandingan_alternatif` (`id`, `alternatif1`, `alternatif2`, `pembanding`, `nilai`) VALUES
(1, 1, 2, 2, 1),
(2, 1, 3, 2, 1),
(3, 1, 4, 2, 1),
(4, 2, 3, 2, 1),
(5, 2, 4, 2, 1),
(6, 3, 4, 2, 1),
(7, 1, 2, 3, 1),
(8, 1, 3, 3, 1),
(9, 1, 4, 3, 1),
(10, 2, 3, 3, 1),
(11, 2, 4, 3, 1),
(12, 3, 4, 3, 1),
(13, 1, 2, 4, 1),
(14, 1, 3, 4, 1),
(15, 1, 4, 4, 1),
(16, 2, 3, 4, 1),
(17, 2, 4, 4, 1),
(18, 3, 4, 4, 1),
(19, 1, 2, 5, 1),
(20, 1, 3, 5, 1),
(21, 1, 4, 5, 1),
(22, 2, 3, 5, 1),
(23, 2, 4, 5, 1),
(24, 3, 4, 5, 1);

-- --------------------------------------------------------

--
-- Table structure for table `perbandingan_kriteria`
--

CREATE TABLE `perbandingan_kriteria` (
  `id` int(11) NOT NULL,
  `kriteria1` int(11) NOT NULL,
  `kriteria2` int(11) NOT NULL,
  `nilai` float NOT NULL
) ENGINE=MyISAM DEFAULT CHARSET=latin1;

--
-- Dumping data for table `perbandingan_kriteria`
--

INSERT INTO `perbandingan_kriteria` (`id`, `kriteria1`, `kriteria2`, `nilai`) VALUES
(1, 2, 3, 1),
(2, 2, 4, 1),
(3, 3, 4, 1),
(4, 2, 5, 1),
(5, 3, 5, 1),
(6, 4, 5, 1);

-- --------------------------------------------------------

--
-- Table structure for table `pv_alternatif`
--

CREATE TABLE `pv_alternatif` (
  `id` int(11) NOT NULL,
  `id_alternatif` int(11) NOT NULL,
  `id_kriteria` int(11) NOT NULL,
  `nilai` float NOT NULL
) ENGINE=MyISAM DEFAULT CHARSET=latin1;

--
-- Dumping data for table `pv_alternatif`
--

INSERT INTO `pv_alternatif` (`id`, `id_alternatif`, `id_kriteria`, `nilai`) VALUES
(1, 1, 2, 0.25),
(2, 2, 2, 0.25),
(3, 3, 2, 0.25),
(4, 4, 2, 0.25),
(5, 1, 3, 0.25),
(6, 2, 3, 0.25),
(7, 3, 3, 0.25),
(8, 4, 3, 0.25),
(9, 1, 4, 0.25),
(10, 2, 4, 0.25),
(11, 3, 4, 0.25),
(12, 4, 4, 0.25),
(13, 1, 5, 0.25),
(14, 2, 5, 0.25),
(15, 3, 5, 0.25),
(16, 4, 5, 0.25);

-- --------------------------------------------------------

--
-- Table structure for table `pv_kriteria`
--

CREATE TABLE `pv_kriteria` (
  `id_kriteria` int(11) NOT NULL,
  `nilai` float NOT NULL
) ENGINE=MyISAM DEFAULT CHARSET=latin1;

--
-- Dumping data for table `pv_kriteria`
--

INSERT INTO `pv_kriteria` (`id_kriteria`, `nilai`) VALUES
(2, 0.25),
(3, 0.25),
(4, 0.25),
(5, 0.25);

-- --------------------------------------------------------

--
-- Table structure for table `ranking`
--

CREATE TABLE `ranking` (
  `id_alternatif` int(11) NOT NULL,
  `nilai` float NOT NULL
) ENGINE=MyISAM DEFAULT CHARSET=latin1;

--
-- Dumping data for table `ranking`
--

INSERT INTO `ranking` (`id_alternatif`, `nilai`) VALUES
(1, 0.25),
(2, 0.25),
(3, 0.25),
(4, 0.25);

-- --------------------------------------------------------

--
-- Table structure for table `setting`
--

CREATE TABLE `setting` (
  `id` int(11) NOT NULL,
  `nama_website` varchar(255) NOT NULL,
  `logo` varchar(255) NOT NULL,
  `alamat` varchar(255) NOT NULL,
  `deskripsi` text NOT NULL,
  `theme` varchar(255) NOT NULL
) ENGINE=InnoDB DEFAULT CHARSET=latin1;

--
-- Dumping data for table `setting`
--

INSERT INTO `setting` (`id`, `nama_website`, `logo`, `alamat`, `deskripsi`, `theme`) VALUES
(0, 'AHP PRESTASI', 'graduation cap.png', 'Jl Raya Ciboalang No 21', '@2020', '');

-- --------------------------------------------------------

--
-- Table structure for table `siswa`
--

CREATE TABLE `siswa` (
  `id_siswa` int(11) NOT NULL,
  `nis` varchar(255) NOT NULL,
  `nama_siswa` varchar(255) NOT NULL,
  `username` varchar(255) NOT NULL,
  `password` varchar(255) NOT NULL,
  `kelas` varchar(255) NOT NULL
) ENGINE=InnoDB DEFAULT CHARSET=utf8mb4;

--
-- Dumping data for table `siswa`
--

INSERT INTO `siswa` (`id_siswa`, `nis`, `nama_siswa`, `username`, `password`, `kelas`) VALUES
(1, '123456', 'Wardah', '123456', '7c4a8d09ca3762af61e59520943dc26494f8941b', 'SI');

-- --------------------------------------------------------

--
-- Table structure for table `user`
--

CREATE TABLE `user` (
  `id_user` int(11) NOT NULL,
  `nama_user` varchar(255) NOT NULL,
  `jenis_kelamin` enum('L','P') NOT NULL,
  `telp` varchar(255) NOT NULL,
  `email` varchar(255) NOT NULL,
  `username` varchar(255) NOT NULL,
  `password` varchar(255) NOT NULL,
  `foto` varchar(255) NOT NULL,
  `akses_level` varchar(255) NOT NULL,
  `alamat` varchar(255) NOT NULL
) ENGINE=InnoDB DEFAULT CHARSET=latin1;

--
-- Dumping data for table `user`
--

INSERT INTO `user` (`id_user`, `nama_user`, `jenis_kelamin`, `telp`, `email`, `username`, `password`, `foto`, `akses_level`, `alamat`) VALUES
(1, 'Admin', 'L', '085217965569', 'admin@admin.com', 'admin', 'd033e22ae348aeb5660fc2140aec35850c4da997', '3aldl50wcj0gccgkk8.jpg', 'admin', ''),
(20, 'ikhsan', 'L', '', 'ikhsan', 'ikhsan', '8b58c0bde0dba29c6d4980c3c74655416e9ee16b', '', 'user', '');

--
-- Indexes for dumped tables
--

--
-- Indexes for table `alternatif`
--
ALTER TABLE `alternatif`
  ADD PRIMARY KEY (`id`);

--
-- Indexes for table `ir`
--
ALTER TABLE `ir`
  ADD PRIMARY KEY (`jumlah`);

--
-- Indexes for table `kriteria`
--
ALTER TABLE `kriteria`
  ADD PRIMARY KEY (`id`);

--
-- Indexes for table `perbandingan_alternatif`
--
ALTER TABLE `perbandingan_alternatif`
  ADD PRIMARY KEY (`id`);

--
-- Indexes for table `perbandingan_kriteria`
--
ALTER TABLE `perbandingan_kriteria`
  ADD PRIMARY KEY (`id`);

--
-- Indexes for table `pv_alternatif`
--
ALTER TABLE `pv_alternatif`
  ADD PRIMARY KEY (`id`);

--
-- Indexes for table `pv_kriteria`
--
ALTER TABLE `pv_kriteria`
  ADD PRIMARY KEY (`id_kriteria`);

--
-- Indexes for table `ranking`
--
ALTER TABLE `ranking`
  ADD PRIMARY KEY (`id_alternatif`);

--
-- Indexes for table `setting`
--
ALTER TABLE `setting`
  ADD PRIMARY KEY (`id`);

--
-- Indexes for table `siswa`
--
ALTER TABLE `siswa`
  ADD PRIMARY KEY (`id_siswa`);

--
-- Indexes for table `user`
--
ALTER TABLE `user`
  ADD PRIMARY KEY (`id_user`);

--
-- AUTO_INCREMENT for dumped tables
--

--
-- AUTO_INCREMENT for table `alternatif`
--
ALTER TABLE `alternatif`
  MODIFY `id` int(11) NOT NULL AUTO_INCREMENT, AUTO_INCREMENT=5;

--
-- AUTO_INCREMENT for table `kriteria`
--
ALTER TABLE `kriteria`
  MODIFY `id` int(11) NOT NULL AUTO_INCREMENT, AUTO_INCREMENT=6;

--
-- AUTO_INCREMENT for table `perbandingan_alternatif`
--
ALTER TABLE `perbandingan_alternatif`
  MODIFY `id` int(11) NOT NULL AUTO_INCREMENT, AUTO_INCREMENT=25;

--
-- AUTO_INCREMENT for table `perbandingan_kriteria`
--
ALTER TABLE `perbandingan_kriteria`
  MODIFY `id` int(11) NOT NULL AUTO_INCREMENT, AUTO_INCREMENT=7;

--
-- AUTO_INCREMENT for table `pv_alternatif`
--
ALTER TABLE `pv_alternatif`
  MODIFY `id` int(11) NOT NULL AUTO_INCREMENT, AUTO_INCREMENT=17;

--
-- AUTO_INCREMENT for table `siswa`
--
ALTER TABLE `siswa`
  MODIFY `id_siswa` int(11) NOT NULL AUTO_INCREMENT, AUTO_INCREMENT=2;

--
-- AUTO_INCREMENT for table `user`
--
ALTER TABLE `user`
  MODIFY `id_user` int(11) NOT NULL AUTO_INCREMENT, AUTO_INCREMENT=21;
COMMIT;

/*!40101 SET CHARACTER_SET_CLIENT=@OLD_CHARACTER_SET_CLIENT */;
/*!40101 SET CHARACTER_SET_RESULTS=@OLD_CHARACTER_SET_RESULTS */;
/*!40101 SET COLLATION_CONNECTION=@OLD_COLLATION_CONNECTION */;
